{
  "exprs": [
    "Log(Add(Less(Sum($volume,20d),Log($open)),0.01))",
    "Pow($volume,10.0)",
    "TEMA(Div(Mean(Div(Corr(Mean($close,50d),$vwap,30d),-10.0),30d),Pow(-1.0,Std($high,30d))),20d)",
    "Med(CSRank(DEMA(Sign(Mul(2.0,$open)),10d)),10d)",
    "Sub(-1.0,CSRank(Kurt(Min($open,30d),50d)))",
    "Sign(Kurt(Med(Greater(Less($open,-0.01),$close),20d),50d))",
    "Div(Kurt($high,10d),-5.0)",
    "RSI(TEMA(Div(Log(Mean($high,10d)),2.0),40d),50d)",
    "Var(Add(Log(Mean($close,10d)),5.0),40d)",
    "Div(0.01,$volume)",
    "Less(2.0,Rank($low,30d))",
    "Kurt(Add(10.0,Pow(Less(Med($high,40d),30.0),Div($open,Sum(Greater(Less($volume,2.0),-30.0),50d)))),10d)",
    "Abs(Abs(Max(Kurt(Sub(WMA(Min(Greater(Less(Greater($close,-2.0),$open),-10.0),40d),50d),-2.0),10d),30d)))",
    "Add(-2.0,Sub(Pow(Skew(Delta($volume,30d),50d),-30.0),30.0))",
    "Greater(0.5,Greater(Log($volume),Sub(Abs(Add(Greater(-10.0,RSI(Mad($vwap,10d),20d)),-2.0)),Div(-2.0,$low))))",
    "Pow(-2.0,Sub(Std(Greater(CSRank($volume),-30.0),10d),10.0))",
    "Greater(-1.0,RSI(WMA(Std($close,40d),50d),10d))",
    "Log(Div(Skew(Abs($volume),30d),-5.0))",
    "Mul(Var(Skew(RSI(Div($open,30.0),20d),40d),10d),-30.0)",
    "Pow(-0.5,Greater(Greater(Less($low,Mul(2.0,Sub(Div(Delta($high,10d),0.01),-2.0))),Pow(-2.0,$open)),0.01))"
  ],
  "weights": [
    0.13021090626716614,
    0.514505922794342,
    0.07117108255624771,
    0.10806845128536224,
    0.060487713664770126,
    0.07512031495571136,
    0.11965221166610718,
    0.1258269101381302,
    0.072200708091259,
    0.06048958748579025,
    0.11610427498817444,
    0.1523614227771759,
    0.14724096655845642,
    0.08200392127037048,
    0.22517262399196625,
    0.11779246479272842,
    0.06951166689395905,
    0.19246400892734528,
    0.05191253870725632,
    0.17457476258277893
  ],
  "window_results": {
    "all": {
      "timestamp": "2025-11-10T20:24:17.582568",
      "pool_size": 20,
      "eval_count": 0,
      "best_single_ic": 0.514505922794342,
      "test_ic": 0.06018078699707985,
      "test_rank_ic": 0.059048086404800415,
      "loss_history": [
        74514.203125,
        74798.9296875,
        69032.328125,
        70666.140625,
        74803.2421875,
        73045.8359375,
        72967.1015625,
        70845.0234375,
        70590.1796875,
        74000.3671875,
        66506.59375,
        71074.0390625,
        71834.671875,
        77278.7734375,
        67282.0078125,
        74235.0,
        75244.9609375,
        66391.4765625,
        73706.2265625,
        73434.234375,
        68199.171875,
        73705.1640625,
        79494.4375
      ],
      "run_dir": "E:\\factor\\alphagen\\output\\method_window_comparison\\gfn_lstm\\all\\gfn\\all\\tensorboard\\run_20251110_195744_seed42",
      "window": "all",
      "cached": false,
      "pool_file": "output\\method_window_comparison\\gfn_lstm\\all\\gfn\\pool_all.json",
      "train_period": {
        "requested": {
          "start": "2022-01-03",
          "end": "2025-11-07"
        },
        "actual": {
          "start": "2022-01-03",
          "end": "2025-11-06"
        },
        "n_days": 1932,
        "n_stocks": 44
      },
      "test_period": {
        "requested": {
          "start": "2025-08-07",
          "end": "2025-11-07"
        },
        "actual": {
          "start": "2025-08-07",
          "end": "2025-11-06"
        },
        "n_days": 130,
        "n_stocks": 44
      }
    }
  },
  "multi_objective": {
    "enabled": false,
    "used": false
  }
}