{
  "exprs": [
    "Log(Add(Less(Sum($volume,20d),Log($open)),0.01))",
    "Kurt(Log(Med(Mul(30.0,Abs($low)),30d)),10d)",
    "Max(Div(2.0,Sub(Kurt(Kurt($volume,30d),30d),Greater(DEMA(RSI($high,30d),30d),0.5))),10d)",
    "Var(Pow(Sub(30.0,$close),0.5),30d)",
    "CSRank(DEMA(Log(Less(30.0,Pow(Cov($high,$volume,20d),30.0))),50d))",
    "CSRank(Sub(Var(Sub(10.0,$low),40d),Abs(Div($high,5.0))))",
    "Pow(Mean(Pow(-5.0,Div(Sign(Mul($low,Skew(Greater($vwap,0.01),50d))),-30.0)),50d),-10.0)",
    "Var(Greater(CSRank($close),-0.5),10d)",
    "Mul(TEMA(Abs(Div(2.0,$volume)),10d),1.0)",
    "RSI(RSI(Kurt(Mul(-0.01,Log(Add($close,Abs($low)))),40d),40d),30d)",
    "Rank(Mul(Mul($volume,-10.0),1.0),10d)",
    "Greater(10.0,Mul(Std(Kurt(Med($high,50d),30d),40d),10.0))",
    "Max(Ref(Add(5.0,Pow(Skew($open,10d),Div($volume,0.01))),40d),50d)",
    "Mul(Sub(-10.0,Div(Abs(Less(CSRank($vwap),1.0)),$open)),-5.0)",
    "Pow(Skew($open,10d),Greater(Pow(Kurt($close,40d),Mul($high,Less(-0.01,$open))),Sign($volume)))",
    "Skew(Greater(Div($volume,10.0),Add($open,2.0)),50d)",
    "Sub(-10.0,Mul(Sign(Skew($volume,10d)),Pow($volume,30.0)))",
    "Sub(EMA(Ref(CSRank(Rank(Add(-1.0,$close),40d)),20d),20d),1.0)",
    "Rank($high,40d)",
    "RSI(CSRank($vwap),30d)"
  ],
  "weights": [
    0.13021090626716614,
    0.11548540741205215,
    0.5067949891090393,
    0.05699672922492027,
    0.10810119658708572,
    0.07278399169445038,
    0.04567018896341324,
    0.05266471207141876,
    0.061211906373500824,
    0.10395064204931259,
    0.18878787755966187,
    0.07718171179294586,
    0.06203100085258484,
    0.2256220579147339,
    0.10596352815628052,
    0.11921261996030807,
    0.06021598353981972,
    0.14377915859222412,
    0.11438089609146118,
    0.12352174520492554
  ],
  "window_results": {
    "all": {
      "timestamp": "2025-11-10T21:12:52.257419",
      "pool_size": 20,
      "eval_count": 0,
      "best_single_ic": 0.5067949891090393,
      "test_ic": 0.09518003463745117,
      "test_rank_ic": 0.07055997848510742,
      "loss_history": [
        73933.5390625,
        76284.2109375,
        73508.2421875,
        69320.1484375,
        75420.2578125,
        71180.4921875,
        76582.09375,
        67587.90625,
        72116.3125,
        70689.7421875,
        73000.8203125,
        70170.421875,
        72289.4609375,
        71131.1484375,
        72010.4140625,
        68116.140625,
        66489.3046875,
        62635.27734375,
        69032.40625,
        63529.70703125,
        68963.078125,
        73229.1875,
        69352.421875
      ],
      "run_dir": "E:\\factor\\alphagen\\output\\method_window_comparison\\gfn_gnn\\all\\gfn\\all\\tensorboard\\run_20251110_202434_seed42",
      "window": "all",
      "cached": false,
      "pool_file": "output\\method_window_comparison\\gfn_gnn\\all\\gfn\\pool_all.json",
      "train_period": {
        "requested": {
          "start": "2022-01-03",
          "end": "2025-11-07"
        },
        "actual": {
          "start": "2022-01-03",
          "end": "2025-11-06"
        },
        "n_days": 1932,
        "n_stocks": 44
      },
      "test_period": {
        "requested": {
          "start": "2025-08-07",
          "end": "2025-11-07"
        },
        "actual": {
          "start": "2025-08-07",
          "end": "2025-11-06"
        },
        "n_days": 130,
        "n_stocks": 44
      }
    }
  },
  "multi_objective": {
    "enabled": false,
    "used": false
  }
}